reviewId,userName,userImage,content,score,thumbsUpCount,reviewCreatedVersion,at,replyContent,repliedAt,appVersion
e4f85174-4288-4b6f-a7f3-9c595264aa84,Venkatesh S,https://play-lh.googleusercontent.com/a-/ALV-UjU_duZZYpQ0BCGgyfmlv6M29Mjh03zxbP_n0KgmwF2ZDx2YSrNclw,Good,5,0,4.84.2,2025-07-25 12:44:45,"Hi there, thank you for the excellent rating. This will inspire us to continue delivering exceptional service as we always do.

^Say",2025-07-25 13:36:24,4.84.2
e6b17680-c6fc-49ca-9c14-ab6889b27906,Vishu Kapoor,https://play-lh.googleusercontent.com/a/ACg8ocKM-43aNSgZJYTPlumq62bYuOxqw89P0vvvW0rQEvXkTFv6=mo,very good,5,0,,2025-07-25 12:43:41,"Hi there, thank you for your patronage and the perfect rating. We will strive to provide consistent seamless ordering experiences. Keep Swiggying!",2025-07-25 12:52:28,
6515cfe5-f031-484f-908e-c1f2a77439a1,Manpreet Kaur,https://play-lh.googleusercontent.com/a/ACg8ocJhu8KA5KOmmCFV5GQL_lFNw4fslAoq85VBN7wb7hSrGb3tyg=mo,v good service hope so,5,0,4.84.2,2025-07-25 12:37:16,"Hey there, we're pleased that you enjoyed your experience with Swiggy. We'll endeavor to keep it up. Keep ordering. üôÇ",2025-07-25 12:42:33,4.84.2
4b651253-035a-4ffb-b58a-b453e5ff5c2b,Rohit Butte,https://play-lh.googleusercontent.com/a-/ALV-UjUicNE-AHxf2OPGSSFT6EZkBItzFFi98MisuZ9JmpwLkHbqtTc,good,5,0,4.84.2,2025-07-25 12:35:39,"Hey there, thank you for the perfect ratings. We appreciate your efforts in contributing to our improvements.",2025-07-25 12:42:32,4.84.2
81f67e62-abe0-4b65-ac53-4ee36fa6d9c9,Arman Khan,https://play-lh.googleusercontent.com/a-/ALV-UjURrStEBTp-Q7ktZI9P8PtgIBpfdRejgRBjcMnH2Jk9UF2AAB-R,customer care won't even call .... they need to understand that things can always be sorted out over chat..... also they need to teach their restaurants how to pack things... like not putting cold and hot items in the same bags ..,1,0,,2025-07-25 12:32:12,"Hi, we are sorry about this. Please help us with the order id over an email at swiggysocial@swiggy.in, so we can help resolve the issue.",2025-07-25 12:32:32,
06ea1ccc-633f-4e3d-b1a7-80f4fe564ceb,Manju Rajeev,https://play-lh.googleusercontent.com/a-/ALV-UjW5wOFQpEaFakJrMNbznGiOsSzL7x6zylSilYaACF1KA0SaPhk,üëç,5,0,4.84.0,2025-07-25 12:29:40,"Hi there, thank you for your patronage and the perfect rating. We will strive to provide consistent seamless ordering experiences. Keep Swiggying!",2025-07-25 12:32:32,4.84.0
baa94c9e-cfef-4005-aee0-c9f1388f05a0,Shilpa sunilram,https://play-lh.googleusercontent.com/a/ACg8ocKZb-FLAJ0Kf_yTLx9NnWAFlBnYUF_CkSQz0cTIMJXvVILlPg=mo,response good,5,0,4.84.2,2025-07-25 12:29:33,"Hey, thanks for the rating! This motivates us to keep serving you better with every order.",2025-07-25 12:32:31,4.84.2
36bbf2f1-0067-44eb-9941-65464cbffc6e,Rathish Kumar,https://play-lh.googleusercontent.com/a-/ALV-UjXT95DjNbmMdVCG3rJVZ_2k0b6U7Uudm_TwarB2QKarqcFx10bOSA,really this was first order il be happy to order,5,0,4.84.2,2025-07-25 12:26:09,"Hi there, thank you for the excellent rating. This will inspire us to continue delivering exceptional service as we always do.
",2025-07-25 14:14:57,4.84.2
b8960556-9ef4-414e-8bac-2557f6aba3af,Gaurav Kumar,https://play-lh.googleusercontent.com/a-/ALV-UjUdq9FHZ0Zsa3ZKX95-l-NVk3aLsmDXLxlkuvyyZWchxU1nDGZI,awesome experience,5,0,4.83.4,2025-07-25 12:25:21,Hey there! It's a bliss to see that our service brought a smile to your face. We'll endeavor to keep it up. Keep Swiggying. üôÇ,2025-07-25 12:32:31,4.83.4
056ee7ee-ed07-41f2-b4f8-2d964104f8a6,Aditya Kumar,https://play-lh.googleusercontent.com/a-/ALV-UjWBMmaHOY-L49GTjFxV14VqP0xPrGV88e5mBcNkBeSMw0Wmbl5Y,"Worst app ever. I ordered an earphone, and guess wht..?? it was a defective product. I was in utter shock because I thought Swiggy was a grt app, all in one! But no..definitely not. I didn't even get my refund for the earphone I gave. I can't believe this. NEVER TRUSTING THIS APP AGAIN!!",1,2,4.84.2,2025-07-25 12:23:31,"Hey there, that doesn't sound right. We would like to have this investigated. Please share the relevant order ID to swiggysocial@swiggy.in and we will assist you further in this regard.",2025-07-25 12:32:31,4.84.2
8e657454-db3e-4f75-8222-04dfe519c68d,Arun mangave,https://play-lh.googleusercontent.com/a/ACg8ocKi_LDbTAvrj_PiwrLPniUA-0V3GPqcI8kCLB78NwERYLhW30cz=mo,super,5,0,4.83.4,2025-07-25 12:19:38,Hey there! It's a bliss to see that our service brought a smile to your face. We'll endeavor to keep it up. Keep Swiggying. üôÇ,2025-07-25 12:22:26,4.83.4
c17638a2-4eea-404e-90b3-9f86568484cf,Ram Bhwan,https://play-lh.googleusercontent.com/a/ACg8ocJ_9yNJu9vLPkfrrwRZ-9eet22Zm2ppyi_s-n3n06o8FM1pGg=mo,very nice,5,0,4.84.0,2025-07-25 12:19:37,Yay! We are super happy to know that you are enjoying our services. Thanks for taking the time out and sharing the review with a perfect star rating. Keep Ordering. üôÇ,2025-07-25 12:22:26,4.84.0
f716e545-27bc-4d09-a30e-80fc772487c0,Nithin Kumar,https://play-lh.googleusercontent.com/a/ACg8ocJA0UJuvlDkm7LPOolWNEB66RNm_T1MxKQV2YokaiDs6OSP2A=mo,good,5,0,4.84.2,2025-07-25 12:19:22,Hey there! It's a bliss to see that our service brought a smile to your face. We'll endeavor to keep it up. Keep Swiggying. üôÇ,2025-07-25 12:22:27,4.84.2
13755b7c-be1e-4e75-993f-1f6122744000,Satya Satya,https://play-lh.googleusercontent.com/a-/ALV-UjVqIKVCekb-L2J1EL3aplngkUYnWIAGmWUr4XB_T3BMtfYhjLw9,super,4,0,4.84.2,2025-07-25 12:18:56,"Hi there, thank you for the review and the stars. We would love to hear from you about how we could hit the 5-star rating. Please do share your thoughts by dropping an email from your registered address at swiggysocial@swiggy.in. Looking forward to hearing from you. Keep Swiggying till then. üòä",2025-07-25 12:22:26,4.84.2
6c76a533-dbb2-4f6f-ae3a-51e92b4e0707,Aman Charak,https://play-lh.googleusercontent.com/a-/ALV-UjUlIBmst8aekQcWgBS81a01IxgAir_EkO4M5-gOQwu5FeByKjkx,plz cash on delivery option why not work plz tell me,2,0,,2025-07-25 12:18:28,"We're apologetic about this experience you've faced while ordering with us. Please write to us at swiggysocial@swiggy.in from your registered email address detailing your experience, so we can look into the issue and resolve it for you.",2025-07-25 12:22:26,
54307012-c6e6-4549-a27b-3cd58360fde9,Hema Raghu,https://play-lh.googleusercontent.com/a-/ALV-UjV7x_qJU3UOi3HcAO-1MK60yRQa01jmsXrI2R0wp7FVpBICMrk,super,4,0,4.84.2,2025-07-25 12:18:13,Hey there! Such positive reviews motivate us to strive hard to provide you a much better experience. We request you to let us know more about your experience by writing an email to swiggysocial@swiggy.in so we can make our services better.,2025-07-25 12:22:27,4.84.2
25c660d0-ac44-40b2-b55b-8e1f447654a8,Kamal Prakash,https://play-lh.googleusercontent.com/a-/ALV-UjUf-0zkhK0paTDmTCf_Ct2hw8RMPIOh0OZAdAhp58UdmN3A9dBo,Good job,5,0,4.84.2,2025-07-25 12:15:49,"Hello, nothing delights us more than hearing this. We are happy that you had a great experience. Keep Swiggying. üòä",2025-07-25 12:22:27,4.84.2
fbe3aee4-94f2-4478-880e-85fbd38ef708,Vidhya Bby,https://play-lh.googleusercontent.com/a-/ALV-UjVx5jwre2KeoqURSRJaeDB2GCEab_hB7L5MYKu_eKL0pSCEFA5B,good delivery,5,0,4.84.1,2025-07-25 12:12:45,Hey there! Such positive reviews motivate us to strive hard to provide you a much better experience. Happy ordering. üôÇ,2025-07-25 12:22:27,4.84.1
22be61b0-0577-4a79-8f8a-86c5249e20a5,Praveen Kalangi,https://play-lh.googleusercontent.com/a/ACg8ocKG-oKYtS2W2CedVWQ9S12lCtcw8jwFejgrVLVXbJfoG8zt-Q=mo,Swiggy not given my food package but says it delivered. No refund after reporting the issue also. Pathetic customer service. Better go with other online food delivery chains in the market.,1,0,,2025-07-25 12:11:57,"Hey there, that should not have happened and we would like to get this checked right away. Kindly help us with your order ID over an email to swiggysocial@swiggy.in, it will help us take this up with our executives and work on corrective measures.",2025-07-25 12:12:44,
69eccbba-67aa-4931-b69e-62344c621766,Shivani Kumari,https://play-lh.googleusercontent.com/a/ACg8ocIW16XJupfcetX1VoHHCuk6AaYv9s9yTVDgMxwA_LeQM-uplg=mo,superb,5,0,4.83.4,2025-07-25 12:09:52,"Hey there, nothing delights us more than hearing this. We are happy that you had a great experience. Keep Swiggying. üôÇ",2025-07-25 12:12:45,4.83.4
372bc965-4981-4b4c-b803-696259298c25,Ashok Sagurupilli,https://play-lh.googleusercontent.com/a/ACg8ocI1cJ8McG-L3eNZCUfMNzm-aTygmFmNyZgYq6dmFxWYBFY7lA=mo,üëç,5,0,4.83.4,2025-07-25 12:09:30,"Hey, thank you for the ratings. We request you to let us know more about your experience by writing an email to swiggysocial@swiggy.in so we can make our services better.",2025-07-25 12:12:46,4.83.4
d75f191e-f455-4020-ba4a-1b5d243e01dc,Vali Sk,https://play-lh.googleusercontent.com/a-/ALV-UjUcYY5jqM6pXPh-Od_lUKs-te-RHFq-jIrVFS8yt-Y9az55RRCI,fake delivery boys and fake service,1,0,,2025-07-25 12:04:10,"We are sorry to let you down. Please write to us at swiggysocial@swiggy.in from your registered email address elaborating further on your ordeal, so we can expiate for the miss.",2025-07-25 12:12:45,
d8fdf939-1041-402e-9864-b1d4f9ac675d,Rajdeep Pade,https://play-lh.googleusercontent.com/a/ACg8ocIruRquWf7uW4Qng5kjeJuQ6D-7pXmpX6KfkJ2_ACBtn6bebA=mo,its awesome üëçüòé,5,0,4.84.2,2025-07-25 12:01:12,"Hi there, thank you for your patronage and the perfect rating. We will strive to provide consistent seamless ordering experiences. Keep Swiggying!",2025-07-25 12:02:36,4.84.2
3870b8e7-e662-4d85-a58d-fbb890ad2a39,Teku Prasad,https://play-lh.googleusercontent.com/a/ACg8ocKfl6wuYNgZKgBECxl1SqGclD7TFuvwl6_ESIi-qkZrjS6wPQ=mo,super good,5,0,,2025-07-25 12:00:35,"Hey there, thank you for the perfect ratings. We appreciate your efforts in contributing to our improvements.",2025-07-25 12:02:36,
6e3f754e-5412-4404-b4be-317eb94f8ace,Mani Mani,https://play-lh.googleusercontent.com/a-/ALV-UjW7wTUKEluWkKX1UYG-3Mt-R2XH8hRjhryyZtKnr4RoRFc3SmNx,super,5,0,4.84.2,2025-07-25 12:00:28,"Hey, we are glad to have patrons like you and will strive towards providing better services to keep such reviews coming our way. Keep ordering.",2025-07-25 12:02:35,4.84.2
68767cc5-16d3-4c1f-a833-b91b51b820b0,TAHREEM AHMED,https://play-lh.googleusercontent.com/a/ACg8ocK5kvgL4B90auWxjsLeiKRy8HRKDnflvebscdPEomiEzS6LPg=mo,Swiggy not give any offer,1,0,4.84.2,2025-07-25 11:59:16,This shouldn't have happened. Kindly help us with the order ID along with the details of the issue by writing to us at swiggysocial@swiggy.in from your registered email ID & we will have this checked.,2025-07-25 12:02:35,4.84.2
6e9db333-9fa2-4fc3-b5ae-424c38ac2aec,Muneera Munna,https://play-lh.googleusercontent.com/a/ACg8ocK9q1fUO1hSByKE1vN1KsqIqkfhVRruc6sYKUFnIoFdXwxV_Q=mo,very good,5,0,4.84.2,2025-07-25 11:54:56,Yay! We are super happy to know that you are enjoying our services. Thanks for taking the time out and sharing the review with a perfect star rating. Keep Ordering. üôÇ,2025-07-25 12:02:36,4.84.2
659eaacb-76c8-44b7-9cd0-bcb9c9020994,Raj Aaryan,https://play-lh.googleusercontent.com/a-/ALV-UjUOaMzugiRsLvdzXrU_fHTrr39s1d1UqK_swbFOLof82oeGIBib,a new dark pattern of deliberately delaying order so that the customer will buy black membership.,1,0,,2025-07-25 11:53:38,"Hi, we are sorry about the below-par experience with your order. Please write to us at swiggysocial@swiggy.in along with the order ID, so we can assist you better.",2025-07-25 12:02:36,
7c505816-aca3-401a-a6ff-9eb83b027d40,jay kokani,https://play-lh.googleusercontent.com/a/ACg8ocLiafUpMoSjos7_3EJReL744cH1D4utSCgISvxRZ377oAzJwdU=mo,delivery charges so high,5,0,4.80.2,2025-07-25 11:51:56,"Hey there, appreciate you for rating us 5-star and giving us your honest feedback. Do elaborate your concern along with the necessary details by writing an email at swiggysocial@swiggy.in from your registered email ID, we'll look into it.",2025-07-25 11:52:31,4.80.2
1623317c-94c2-40f9-8588-57f900f981e0,K.S Ultra Gaming,https://play-lh.googleusercontent.com/a-/ALV-UjXIoD00ez4xCyuMd_tEk1lLOkWWEeoH2XjP_0HUzyG1Tp81yG5J,terrible experience every time..so First I placed a order and canceled it I didn't have to pay cancellation fee but.. it's saying the refund will be back to in your account in next 2 Hours.. and it's saying there it refunded but when I contacted to bank.. I didn't get any refund from Swiggy.. totally low class service.. it's not the only thing.. whenever I get few missing item instead of giving that item they will give you the 10 rs coupan.. wt hell is this service is and the item cost to me 67,1,0,,2025-07-25 11:50:37,"Hello, we would like to know more about it. Please write to us at swiggysocial@swiggy.in with relevant details elaborating further on your ordering experience with us, so we can set this right for you.",2025-07-25 11:52:31,
808cb5e2-819d-48a4-ba74-7918608c1867,Shivansh Dey,https://play-lh.googleusercontent.com/a/ACg8ocKlhQSBjSZVRuGZswPxGEbdZ_I5q4rcAc2-MKj8CD3bE-cIULc=mo,great cash backs,5,0,4.84.2,2025-07-25 11:49:15,"Hey there, nothing delights us more than hearing this. We are happy that you had a great experience. Keep Swiggying. üôÇ",2025-07-25 11:52:31,4.84.2
e36fc01c-2d16-4026-bcbe-45515bb23373,Ashish Kumar,https://play-lh.googleusercontent.com/a/ACg8ocJhKyVkntBh7hRnuOgZUtYLwlxPR-mD4WoPVZqDdAaGugD9cks=mo,Their customers support has turned into a joke,1,0,,2025-07-25 11:44:46,"Hi, please let us know how we can make our service better by writing to us at swiggysocial@swiggy.in from your registered email address.",2025-07-25 11:52:31,
17d72781-372d-4394-bfb5-8f16f234e581,Suren Meena,https://play-lh.googleusercontent.com/a-/ALV-UjWku0diFsDEyBPk6eK-ErARhZeo-BFLGo8Utf6_Pen6B8zhw2QRAA,best,4,0,4.84.2,2025-07-25 11:41:07,"Hi there, thank you for the excellent rating. This will inspire us to continue delivering exceptional service as we always do.
",2025-07-25 14:17:02,4.84.2
13cb3f5c-c9c9-4896-b784-cdb573126840,M Sandeep KUMAR,https://play-lh.googleusercontent.com/a-/ALV-UjWdiynhoWnJaZLuq3HeOXxzTIdQXqaxaGgNQdQgQUfIzfTlCeKJ,nice help Full,5,0,4.84.2,2025-07-25 11:37:32,Hey there! Such positive reviews motivate us to strive hard to provide you a much better experience. Happy ordering. üôÇ,2025-07-25 11:43:01,4.84.2
b9e6f3be-c8f4-43ec-bb08-cb9f4d56ccc5,Gaming Cool,https://play-lh.googleusercontent.com/a/ACg8ocK6tq1Wvuple7tLlzMmvd72AQzDL31lG5-Rf4c-o331EdAA3A=mo,far better than dominos official app best app in food delivery,5,0,4.84.2,2025-07-25 11:34:02,"Hello, nothing delights us more than hearing this. We are happy that you had a great experience. Keep Swiggying. üòä",2025-07-25 11:43:01,4.84.2
5c9ddbfa-31a3-4430-b3fb-8567663d9e74,Santhosh Santhosh,https://play-lh.googleusercontent.com/a-/ALV-UjUAYsn-tD8hgESwXdVEUzplrQoviSaIy4jnxm5fbGlAujcQ73MQ,good,5,0,4.84.2,2025-07-25 11:32:06,"Hey there, nothing delights us more than hearing this. We are happy that you had a great experience. Keep Swiggying. üôÇ",2025-07-25 11:32:32,4.84.2
221a609e-ec6d-4a92-9db7-6c0ac66fb5d4,krishankant rathore,https://play-lh.googleusercontent.com/a/ACg8ocKEP2Logtjm59eF5Pe1P761c-ek-ZmIYvTDjLQS7df1gEwmZw=mo,Good üëç,5,0,4.84.2,2025-07-25 11:29:54,"Hey, thanks for the rating! This motivates us to keep serving you better with every order.",2025-07-25 11:32:33,4.84.2
9e825796-f47c-4615-bf64-d953f1faf048,Gourav Narwal,https://play-lh.googleusercontent.com/a-/ALV-UjU3u_cp7kn9sDUc_ecwp94pO1ThtG-HVjNLDj9fTB4qO3R9MV36,super üëç,5,0,4.84.2,2025-07-25 11:27:48,Hey there! Such positive reviews motivate us to strive hard to provide you a much better experience. Happy ordering. üôÇ,2025-07-25 11:32:33,4.84.2
16853257-ddb0-4d2b-8d68-e05e55180502,raghav arora,https://play-lh.googleusercontent.com/a-/ALV-UjXC5MzNcKkNBcvgUHdjleYIJEaPNk5AXa7o-MwYQs8opBNh8ydk,"Lately, very poor experience. Prefer local shopkeeper anytime.",1,0,4.84.2,2025-07-25 11:27:13,We're disappointed to know the service has not been to your satisfaction. Kindly write to us at swiggysocial@swiggy.in from your registered email address and we'll have this addressed,2025-07-25 11:32:33,4.84.2
22a65941-e641-4094-91ed-63e650b305be,sagar ahamed,https://play-lh.googleusercontent.com/a-/ALV-UjVFMK14K8LuionrwI9aJBhObkFWWykTiXVjXRAIHVU5PnjvRRcr,To good,5,0,4.84.2,2025-07-25 11:24:05,"Hey there, thank you for the perfect ratings. We appreciate your efforts in contributing to our improvements.",2025-07-25 11:32:33,4.84.2
8945c37d-82fc-4926-a35b-c420b7d2f0d7,Sheshgiri Gouda,https://play-lh.googleusercontent.com/a-/ALV-UjUiLPWNZNgw1KHUBK9AmuKceJAa-xQzx5HW0DuPpvf3dSVh4u16,good,5,0,4.84.2,2025-07-25 11:23:07,"Hey there, nothing delights us more than hearing this. We are happy that you had a great experience. Keep Swiggying. üôÇ",2025-07-25 11:32:34,4.84.2
7f5864d2-5747-4e9d-87c9-1aac16a94097,devendra sehra,https://play-lh.googleusercontent.com/a/ACg8ocLCIj2TnY9dzd2tq_qG-mHFoaOq52qRsqlqo8VY0JJEAvp4Yg=mo,frud company sare chor hai khud order cancal karte hai or customer se charg karte hai,1,0,,2025-07-25 11:21:21,"Hi, we are sorry about the below-par experience with your order. Please write to us at swiggysocial@swiggy.in along with the order ID, so we can assist you better.",2025-07-25 11:22:31,
987e9a7a-c660-420d-b90e-becb0a97d77f,Ashwini Jagadish,https://play-lh.googleusercontent.com/a/ACg8ocInPAy_AxORXc-u7PigUMIQPYLQvcNAAa6VDPXBbZDV9ZxsXQ=mo,good,5,0,4.83.4,2025-07-25 11:16:43,Hey there! It's a bliss to see that our service brought a smile to your face. We'll endeavor to keep it up. Keep Swiggying. üôÇ,2025-07-25 11:22:30,4.83.4
36c1b34d-f9d9-4466-b775-4e5db171a51a,DS. BABU,https://play-lh.googleusercontent.com/a-/ALV-UjVC72CFt3PoPEU1wZPPjPVkHYpx3Pwm9BjnZQwpXjKIRq8WvSOY,good service üëç,5,0,4.84.2,2025-07-25 11:11:55,"Hey there, nothing delights us more than hearing this. We are happy that you had a great experience. Keep Swiggying. üôÇ",2025-07-25 11:12:25,4.84.2
99b04094-85b3-4cdd-9ebc-2ef1a4b34232,Yogesh Ratne,https://play-lh.googleusercontent.com/a-/ALV-UjVasoNJfRBoYcvAsXtUPiK-JDFdihWS8KgzRQgKwQAUh_MxQuCR,fast delivery,5,0,4.84.2,2025-07-25 11:10:16,"Hey there, we're pleased that you enjoyed your experience with Swiggy. We'll endeavor to keep it up. Keep ordering. üôÇ",2025-07-25 11:12:25,4.84.2
2c1b99ac-8568-4b0d-82e7-3bd626e62e55,Nirmal Behera,https://play-lh.googleusercontent.com/a-/ALV-UjWz5d5m6fLbJNGdH9i0tm-U9mPDTbD0weXZKOyhj5gP0XjSXdTY,good,4,0,4.84.2,2025-07-25 11:06:08,"Hi, thank you for delighting us with the positive review. We request you to let us know more about your experience by writing an email to swiggysocial@swiggy.in so we can make our service worth 5 stars.",2025-07-25 11:12:25,4.84.2
dc15e7fe-bb18-439e-b5fe-dd85a8d7d2b8,Sukh Singh,https://play-lh.googleusercontent.com/a-/ALV-UjVLonbQAMYnLYENFdnOj2A_jmf_0fBn3XYSxvM45mYwpSsOZDyd,good üëç,5,0,4.84.2,2025-07-25 11:04:31,"Hey there, thank you for the perfect ratings. We appreciate your efforts in contributing to our improvements.",2025-07-25 11:12:26,4.84.2
944861a2-45e4-4fe8-91bb-ed154dd8e954,Manzoor Ahammed,https://play-lh.googleusercontent.com/a/ACg8ocIaD3YLvMs1E2RpDeQ0kUF7f6D0pq_gYiLaxK9KyGL-nj7VDw=mo,good,5,0,4.84.2,2025-07-25 11:02:44,"Hi there, thank you for your patronage and the perfect rating. We will strive to provide consistent seamless ordering experiences. Keep Swiggying!",2025-07-25 11:03:03,4.84.2
07c80bca-f0f9-414e-896e-e51a6a811fd7,suryateja Kadali,https://play-lh.googleusercontent.com/a/ACg8ocI4ILXQkMPJXQ1Pj8kMk528l7XVGCptIo4tUa6DANcmgOqhkg=mo,nice üëå,4,0,4.84.2,2025-07-25 11:01:11,"Hi there, thank you for the review and the stars. We would love to hear from you about how we could hit the 5-star rating. Please do share your thoughts by dropping an email from your registered address at swiggysocial@swiggy.in. Looking forward to hearing from you. Keep Swiggying till then. üòä",2025-07-25 11:03:04,4.84.2
ef1c1224-d7a3-4570-a09b-fa842436211d,Rajasekaran Angannan,https://play-lh.googleusercontent.com/a/ACg8ocIaQaeisWtgVrrqGEcfqcSWK6XNcz6YLX0u_nfEsYr6XsrkKA=mo,"Total cheating company. To a regular address, where my family was waiting after I informed of the delivery, they didn't deliver. When I was in office meeting, could not attend call from Swiggy, they cancelled the order of 1573 rupees on their own and worse, no repayment. They sent a message informing rupees 1573 will be charged as cancellation fee. They don't have a customer care number. Don't support Swiggy, looters will one day become losers. üòî",1,0,4.84.2,2025-07-25 10:59:23,"Hi, we are sorry about this. Please help us with the order id over an email at swiggysocial@swiggy.in, so we can help resolve the issue.",2025-07-25 11:03:02,4.84.2
d391e8b0-49bc-47a0-ad6b-9a84be0dd51f,Alok Kumar,https://play-lh.googleusercontent.com/a-/ALV-UjV8wYu9guA9J-1_l-c5lbyyTZaj3xIoA9OsRN67F8KSgxkkngI,ok,1,0,,2025-07-25 10:58:13,"Hi, please write to us about your experience at swiggysocial@swiggy.in from your registered email address, so we can better our services.",2025-07-25 11:03:03,
ce68d5fc-4d3b-4ce0-beef-138f47fd95b6,Swati tripathi,https://play-lh.googleusercontent.com/a/ACg8ocJSKqdAsKrkMsP9QRkry1sBg6rrnnikDBHbyMSJnum7iniqCg=mo,osm,1,0,4.83.4,2025-07-25 10:53:31,"Hey, we request you to let us know more about your experience by writing us an email at swiggysocial@swiggy.in from your registered email ID so that we can have your concern addressed.",2025-07-25 11:03:03,4.83.4
1e7e3d3d-ec5e-46dd-8283-73dc926f3ca0,ismail Shaikh,https://play-lh.googleusercontent.com/a-/ALV-UjVX1hy5mvxMRn8o1rao91tVxD1XIHspKeb9obVWR7FCMYIDeMc,not good,1,0,4.83.4,2025-07-25 10:49:07,"Hi there, we are sorry for any hassle you have faced while ordering with us. Please share the order ID along with the details of the issue by writing to us at swiggysocial@swiggy.in from your registered email address and we would be happy to connect with you and resolve the matter.",2025-07-25 10:52:25,4.83.4
1cd4db7f-f416-4fe6-a5c0-1e52fbf6f013,Amol Waghmare,https://play-lh.googleusercontent.com/a-/ALV-UjVk8GYfY5PzNWMD0B3VoIpDZ_evysAokMWlejJ-Qfy2YKVi1mJzgQ,üëç,3,0,4.84.2,2025-07-25 10:49:03,"Hey, thank you for your feedback. We request you to let us know more about your experience by writing an email to swiggysocial@swiggy.in so we can make our services better.",2025-07-25 10:52:26,4.84.2
10a9d9d6-ce22-4975-9b78-275a3d1d2cee,Mansingh jatav,https://play-lh.googleusercontent.com/a/ACg8ocJXe-vtgfFD6spsoAQku5fL5rsm6ErTqUOtaCQ_35cVoYqB=mo,good üëç,5,0,4.84.2,2025-07-25 10:48:28,Hey there! Such positive reviews motivate us to strive hard to provide you a much better experience. Happy ordering. üôÇ,2025-07-25 10:52:25,4.84.2
c0b57c53-7616-4582-9ec0-35b7cffc096f,Thallapalli Thejasri,https://play-lh.googleusercontent.com/a/ACg8ocJokD47GOlOBIrLwt1ufURH0S8jdUT7BQOMd-9V_mB-QxyQzQ=mo,Good,5,0,4.84.2,2025-07-25 10:38:29,"Hey there, thank you for the perfect ratings. We appreciate your efforts in contributing to our improvements.",2025-07-25 10:42:29,4.84.2
9d94f33a-8d94-4b96-9827-0f4cb87eb508,Mohammed Abu Talib,https://play-lh.googleusercontent.com/a/ACg8ocIKFOl8GoVh8GxsqEDuuWug9XvJZp1DbeypdqP5jzztJ6enTg=mo,horrible service of Instamart in South Delhi very late delivery of goods and unwanted charges and levies.i used to order regularly but now I have chosen flipkart and other's. not worth of ordering food also tried prices are hiked,3,0,4.84.2,2025-07-25 10:16:03,"Hi, sorry to know this. We would like to know more about your concern. Please write to swiggysocial@swiggy.in regarding the same and we'll work on fixing the issue ASAP.",2025-07-25 10:22:32,4.84.2
33fac12d-fd62-4533-b427-d006a7aef08a,Tulasi Dinesh,https://play-lh.googleusercontent.com/a/ACg8ocJ433E7jYTVzoFhmsLKBJsoNiabB43GjwHQ2T_5iy28xkPuvQ=mo,why always showing un-serviceable... ?? what is the issue... ? Instamart sometimes does not serve especially when in need. while I can see Instamart delivery persons in my neighborhood.,1,0,4.6.1,2025-07-25 10:15:51,"Hey there, please drop an email at swiggysocial@swiggy.in with your order ID, it will help us get this checked and get back to you with an apt resolution.",2025-07-25 10:22:32,4.6.1
aa3ee8a5-72a3-417c-b987-1d68e384032f,Parmeshwar Kumar,https://play-lh.googleusercontent.com/a/ACg8ocIITdGcCwOsxCM9qUeoCnSiozqyhygqlAA4vWRF9HMYgoqw=mo,good swgy aap,5,0,4.84.2,2025-07-25 10:07:27,"Hey there, nothing delights us more than hearing this. We are happy that you had a great experience. Keep Swiggying. üôÇ",2025-07-25 10:12:30,4.84.2
e9dd56c4-96f3-41cf-adbf-1c19e613e1f8,krish krish,https://play-lh.googleusercontent.com/a-/ALV-UjXFGHaMB2OGU0e2pOY1WH3MUNsaw51Wiv2nZKc62pnvsWSaJb3w,good,5,0,4.84.2,2025-07-25 09:57:44,Hey there! It's a bliss to see that our service brought a smile to your face. We'll endeavor to keep it up. Keep Swiggying. üôÇ,2025-07-25 10:02:21,4.84.2
a3ca6502-f8fa-4e27-bf95-33e951235040,Vinay Arya,https://play-lh.googleusercontent.com/a-/ALV-UjXggP5qYo2_QHzRcMHDJBrMq2lft8khK0vGJRwYJg8XFrDuz4I,Nice,2,0,4.84.2,2025-07-25 09:53:13,Thank you for taking the time to share your insights with us. We want you to know that your feedback is truly invaluable and plays a crucial role in shaping how we operate and grow. We deeply appreciate your commitment to helping us improve.,2025-07-25 10:32:10,4.84.2
2b163016-1df3-41c9-bc8a-a7ce22dded6b,Lakshya Mishra,https://play-lh.googleusercontent.com/a-/ALV-UjVRe7oQi9lwPfK7-G8innrrQwqqsiR1QpaJ6v7jLfFpBJDe5Gi8,Will never use Swiggy again,1,0,4.84.2,2025-07-25 09:30:54,We're disappointed to know the service has not been to your satisfaction. Kindly write to us at swiggysocial@swiggy.in from your registered email address and we'll have this addressed,2025-07-25 09:32:53,4.84.2
481da09c-b183-4679-9a89-492489aef900,A B,https://play-lh.googleusercontent.com/a/ACg8ocKdHBU8ccGI019RNmp-IwSXJ5kW5VM5Agtme5l-oPe0Od-qrQ=mo,"FRAUD,SCAMüö´üö´üö´üö´üö´üö´‚ùå‚ùå‚ùå‚ùå‚ùå‚ùåIt is a Fraud Application.Donot use this application.I ordered food,the food is on the way was showing in the app after being already delayed,I waited for more than 1hr ,then contacted to customer care, after chatting a long time,cc told me the delivery partner couldn't find the restaurant to pick up the order.The restaurant is only 4km away from my location and it's located adjacent to main road.FRAUD,SCAM....",1,0,,2025-07-25 09:19:42,We're disappointed to know the service has not been to your satisfaction. Kindly write to us at swiggysocial@swiggy.in from your registered email address and we'll have this addressed,2025-07-25 09:22:29,
56fbe7a5-64cf-446b-a519-a12f4fa49497,Anu Anusha kunchala,https://play-lh.googleusercontent.com/a/ACg8ocL0s1iYQPlg-NZbXNaSSt2Uf0eg-yrbq32lrdxkZj2OGSO8BA=mo,super food nice app but delivery time is some late please do something,4,0,4.84.1,2025-07-25 09:08:59,"Hello, thank you for the positive review. We request you to let us know more about your experience by writing an email to swiggysocial@swiggy.in so we can make our services better.",2025-07-25 09:12:43,4.84.1
8c6ca675-4086-4f34-9bf6-f86e2b28c255,Shaik Ahmed,https://play-lh.googleusercontent.com/a/ACg8ocKqSlCiZs2YryUI2EQpKd4uCr3-tWZGIjFgHRcPCsKvEwy5xJU=mo,good,5,0,4.75.2,2025-07-25 09:01:31,"Hey, thanks for the rating! This motivates us to keep serving you better with every order.",2025-07-25 09:02:24,4.75.2
6b7f79d2-2853-4bee-b745-602913fa78fd,Rohit Rathore,https://play-lh.googleusercontent.com/a/ACg8ocKvPkyZyrcvZQw_4ty2GAHXHNWxgISXZwX01ZgcBrcby3WnnQ=mo,didnt give me refund even u cant talk to costumer care,1,0,,2025-07-25 08:51:59,"Hi there, we are sorry for any hassle you have faced while ordering with us. Please share the order ID along with the details of the issue by writing to us at swiggysocial@swiggy.in from your registered email address and we would be happy to connect with you and resolve the matter.",2025-07-25 08:52:34,
f9f1edd1-e7cf-40bd-a229-2fc44a87f685,Anish Manoharan,https://play-lh.googleusercontent.com/a/ACg8ocIbjiSIDmxUF8G-4s8Phq9SXaxII0MvpyZWGS3TJ-TfyPcu=mo,Swiggy one is waste of money . swiggy support team is a scam,1,0,4.84.2,2025-07-25 08:48:51,We're disappointed to know the service has not been to your satisfaction. Kindly write to us at swiggysocial@swiggy.in from your registered email address and we'll have this addressed,2025-07-25 08:52:35,4.84.2
43616171-428d-4c5b-93cc-bc1319f014b3,PJ,https://play-lh.googleusercontent.com/a-/ALV-UjXUqwNxH_NHDgHKppq57oHFiR5Sz3AtJ7jG4jw61XFJVMbaNRM4,we don't do business with crooks like swiggy,1,2,4.84.2,2025-07-25 08:48:31,This shouldn't have happened. Kindly help us with the order ID along with the details of the issue by writing to us at swiggysocial@swiggy.in from your registered email ID & we will have this checked.,2025-07-25 08:52:34,4.84.2
2fd88897-b618-4910-aeca-6c5207c054c3,Rashidul Sk,https://play-lh.googleusercontent.com/a-/ALV-UjWCBC4qVfFAuv7mT_baY1fJye1ae5NH3cjRScvPGw0fbghyKwPsog,good,5,0,4.84.2,2025-07-25 08:44:45,Hey there! Such positive reviews motivate us to strive hard to provide you a much better experience. Happy ordering. üôÇ,2025-07-25 08:52:36,4.84.2
4d2196d2-9bd7-4b25-a7a3-4e9919890827,Aslam Khan,https://play-lh.googleusercontent.com/a-/ALV-UjV9fSlnkHx7avfNcw4hfAMEltVE-kH6toVg_aLU5scqDrg1zFY,best app for grocery and food delivery üöö,5,0,4.84.2,2025-07-25 08:41:51,"Hey, thanks for the rating! This motivates us to keep serving you better with every order.",2025-07-25 08:42:23,4.84.2
10938040-d61c-4eb7-9659-e262bbb62891,World greatest Lover ramu,https://play-lh.googleusercontent.com/a-/ALV-UjWlIqODEEuG71dkIBFAiIpfvucvTf8eRC4Av3ec-1k-0q4gpC4MtA,super,5,0,4.84.2,2025-07-25 08:19:32,Hey there! Such positive reviews motivate us to strive hard to provide you a much better experience. Happy ordering. üôÇ,2025-07-25 08:22:37,4.84.2
185cf2b8-9a18-4e25-bc16-c39b56fd127a,prasad mail,https://play-lh.googleusercontent.com/a/ACg8ocKKaKtb4_Kazr_O7FTQK0rqAkYc0G42EPzLDmU1pSGYFEkSQA=mo,quantity what you see while ordering and quantity delivered will vary for some of the products.,2,0,4.84.2,2025-07-25 08:17:31,"Hi, please let us know how we can make our service better by writing to us at swiggysocial@swiggy.in from your registered email address.",2025-07-25 08:22:36,4.84.2
8d5c6be4-e99e-4f07-b786-f68daa9a25b6,Barinder Puri,https://play-lh.googleusercontent.com/a/ACg8ocJfNN4i8RiRs4YzVuErkUFo6YmBDepONqhKc6vuij5y39Vv5eE=mo,helpful,5,0,4.84.2,2025-07-25 08:00:47,"Hey there, nothing delights us more than hearing this. We are happy that you had a great experience. Keep Swiggying. üôÇ",2025-07-25 08:02:36,4.84.2
c604bcb2-df45-4054-ba14-a903754d381d,Kasturi Ray,https://play-lh.googleusercontent.com/a-/ALV-UjUnyLfk0yf_cCQ8CgbcNAf5z3pRvCXSc6uJmkjKikHrhdh7xnhMSQ,My first choice for all online transactions,5,0,4.84.2,2025-07-25 07:43:44,"Hey there, thank you for the perfect ratings. We appreciate your efforts in contributing to our improvements.",2025-07-25 07:52:26,4.84.2
c4a9b42f-5056-461c-86d1-9c80de2453f1,Subramani Manikanta,https://play-lh.googleusercontent.com/a/ACg8ocKe0vBpwZXvtQ-w4T2-n0_OgdPS0VSNWQLup_KoYP1SIBcsJg=mo,super,5,0,4.84.2,2025-07-25 07:41:44,"Hi there, thank you for your patronage and the perfect rating. We will strive to provide consistent seamless ordering experiences. Keep Swiggying!",2025-07-25 07:42:34,4.84.2
c37d4143-f548-4898-9ae5-0bb9453a7607,Vinod Kumar Chambath,https://play-lh.googleusercontent.com/a-/ALV-UjUsBL7b521PH5a0IBqnkvkEb38YW-Y400KcrRcD7DCBeXQwPr4,good service,5,0,4.84.2,2025-07-25 07:20:33,"Hey there, glad that we have stood up to your expectations. Thank you for the positive review and the perfect star rating. Keep Swiggying. üôÇ",2025-07-25 07:22:27,4.84.2
3851c6bd-f98b-47a3-812b-135521a08da1,Hemantakumar Parida,https://play-lh.googleusercontent.com/a-/ALV-UjUN_gxbZjDf9mMDNFB4exmh0JLi5Wb3Iw1ISzdb7BXdZpvdMsIc,very good service,5,0,4.84.2,2025-07-25 06:45:32,"Hey there, thank you for the perfect ratings. We appreciate your efforts in contributing to our improvements.",2025-07-25 06:52:35,4.84.2
54587425-27a4-4606-a78f-01dc3bbbc816,Utkarsh Singh,https://play-lh.googleusercontent.com/a/ACg8ocJGBPW9lSCv7Tdd2Gkle-oALUy4yyEqw5RjwnY5r3SWZEAAAw=mo,this app cheated me for it's membership. i paid for the membership neither i got the membership nor the refund.,1,0,,2025-07-25 06:38:08,"Hello, we would like to know more about it. Please write to us at swiggysocial@swiggy.in with relevant details elaborating further on your ordering experience with us, so we can set this right for you.",2025-07-25 06:42:29,
fe2048f4-ce23-492a-bd85-11a5b987e051,Amair,https://play-lh.googleusercontent.com/a/ACg8ocLWlhoC7FGjJJ30JGfB0LQFE6_P0XzlNlB3SgKeJdb1zGjxag=mo,worst experience never on time delivery,1,0,4.83.4,2025-07-25 05:45:39,"We're apologetic about this experience you've faced while ordering with us. Please write to us at swiggysocial@swiggy.in from your registered email address detailing your experience, so we can look into the issue and resolve it for you.",2025-07-25 05:52:31,4.83.4
068a9cd8-0cf7-4fd3-9eab-ba8d75e0a32e,Punithruthra Punithruthra,https://play-lh.googleusercontent.com/a/ACg8ocLfKqkOwfsIlCjsYZkuEg0MIC_3-UytcOuqVn1V6ApixOOV=mo,nice,5,0,4.82.1,2025-07-25 05:45:22,"Hey there, thank you for the perfect ratings. We appreciate your efforts in contributing to our improvements.",2025-07-25 05:52:32,4.82.1
d74772fd-1b78-406e-9509-a9590e140bd0,Deblina Laha,https://play-lh.googleusercontent.com/a/ACg8ocK5GLsTCa4ecnuevoQaaFDyzi21Mc5YPUov2HeM005oK_fqxG8=mo,Worst service ever! I was waiting for my food for more than 2hr but there was no reply from the customer service team. They kept on wasting time. Even after several messages customer service team does not reply back and keeps strolling. I finally had to cancel my food and there was not even a single sincere apology. The chat support agent was non responsive throughout. Horrible experience.,1,1,4.84.2,2025-07-25 04:14:55,"Hey there, thank you for the ratings! We're always striving for 5-star service. Please tell us how we can achieve that by writing to us at swiggysocial@swiggy.in from your registered email address.",2025-07-25 05:12:44,4.84.2
2aff05c9-c745-48fa-8cda-5a99c49a4e6d,Md Sahab,https://play-lh.googleusercontent.com/a-/ALV-UjXRz9_ZFvFbqYrz_0SciRL4JPaS636uV_xGiwQTKu4esKKgwg2J,good work üëè,5,0,4.84.2,2025-07-25 04:13:45,"Hey, we are glad to have patrons like you and will strive towards providing better services to keep such reviews coming our way. Keep ordering.",2025-07-25 04:22:27,4.84.2
6501ac7f-a17d-4bbe-8dcd-65845ce341df,Ankush Sahu,https://play-lh.googleusercontent.com/a/ACg8ocKPJRW4K8LhfLlJmbEpsc03fR0eR23NqwQ5Jm0lFDtbCehA1Q=mo,good kkb,5,0,4.84.2,2025-07-25 03:40:37,"Your 5-star rating brightened our day! We're thrilled to see you had such a positive experience, and we deeply value your support.",2025-07-25 04:37:38,4.84.2
484dc7a5-cc69-472f-8a29-b1ab9b0adb46,Gova Maddy,https://play-lh.googleusercontent.com/a/ACg8ocJAeXB85rNWWYZ2lugW8ab72yhpbtZ6Lmi_MjDszJ7gMF4quA=mo,it's good,5,0,4.83.4,2025-07-25 03:34:05,"Hey, thanks for the rating! This motivates us to keep serving you better with every order.",2025-07-25 03:42:23,4.83.4
dda210cf-df01-45f8-85f3-bd7082e7e5db,Totto Azung,https://play-lh.googleusercontent.com/a-/ALV-UjUlunWcCkQIE1bED_XapsHuXQFIIebDFrukPQC2Eoh5ovZEQzY,good,4,0,4.83.3,2025-07-25 02:50:06,Hey there! Such a bliss! We request you to let us know more about your experience by writing an email to swiggysocial@swiggy.in so we can make our services better.,2025-07-25 02:52:32,4.83.3
b47b7762-9b05-4132-8605-4a834ede8614,Deepesh Nagwekar,https://play-lh.googleusercontent.com/a/ACg8ocKCo8VOUf3Tj-UGHE6IW2CvuQ-x3K9TqFBafFfkY4JtZkyzUg=mo,All good. nice experience....,4,0,4.84.2,2025-07-25 02:38:48,Hey there! Such positive reviews motivate us to strive hard to provide you a much better experience. We request you to let us know more about your experience by writing an email to swiggysocial@swiggy.in so we can make our services better.,2025-07-25 02:42:31,4.84.2
b4861336-5be1-4b77-90df-e054410df2a8,Abhishek Sharma,https://play-lh.googleusercontent.com/a-/ALV-UjVt3yGMuOSt5U0adcXma2l1ktXkBgUFG6dM3RJxKhFXI1uHn5Pr,good üëç,5,0,4.84.2,2025-07-25 02:38:38,"Hi there, thank you for your patronage and the perfect rating. We will strive to provide consistent seamless ordering experiences. Keep Swiggying!",2025-07-25 02:42:30,4.84.2
8a6b3251-0c32-4915-aa31-cff308a8f0c8,Karan Singh,https://play-lh.googleusercontent.com/a/ACg8ocLnkuBJTLPnZWgztutZw2dxeC148r7W-r74YKg4tHAg0RI0wg=mo,okay,5,0,4.80.2,2025-07-25 02:33:43,"Hey there, thank you for the valuable feedback. We request you to let us know more about your experience by writing an email to swiggysocial@swiggy.in so we can make our services better.",2025-07-25 02:42:29,4.80.2
795951f1-ab91-4c70-af87-f24cff7a7149,Uzair Zariwala,https://play-lh.googleusercontent.com/a/ACg8ocJ1CnRwz3MbyLVx34_cT8ZEnZUjI5sRiPec8TOwZhgUazA9k5w=mo,swiggy you are the best But one thing that Your rates are to much high Low your charges please Can every people afford your Swiggy,5,0,4.84.2,2025-07-25 02:11:38,"Hey, thank you for the ratings. We request you to let us know more about your experience by writing an email to swiggysocial@swiggy.in so we can make our services better.",2025-07-25 02:12:30,4.84.2
43bb48bd-3e5c-43ea-823b-369ab3a5d66d,Ritik Chauhan,https://play-lh.googleusercontent.com/a/ACg8ocLYkPWVWv5lVBXuSO7LIV3oGvHj6TscENUtXkNkPfNbcTax6g=mo,good üòä delevery for swiggy. thanks üëç,5,0,4.84.1,2025-07-25 01:53:41,Hey there! It's a bliss to see that our service brought a smile to your face. We'll endeavor to keep it up. Keep Swiggying. üôÇ,2025-07-25 02:02:32,4.84.1
9810e822-c0a5-499e-8ec7-d79bafe7b94d,Sagar Mohril,https://play-lh.googleusercontent.com/a-/ALV-UjWXsYdj65GX6wxVHabUl5Czqt7YJsIN56_a7phGsbzxRWacsK-V,No cancellation please uninstall,1,0,4.84.2,2025-07-25 01:43:19,"We appreciate your feedback! To help us elevate our service to a 5-star level, we invite you to email us at swiggysocial@swiggy.in from your account's registered email address.",2025-07-25 04:32:39,4.84.2
b9ef29d7-efed-449b-9821-ba5fdc9f17c4,RAJESH KR SAROJ,https://play-lh.googleusercontent.com/a-/ALV-UjXSA4F2mvMdhYOn9h8jzeaXUOnNoYm0LHbBGMMaDU-ax8yF1JbI,very very bad order response..üòíüòí,1,0,4.84.2,2025-07-25 01:21:38,"Hey there, that doesn't sound right. We would like to have this investigated. Please share the relevant order ID to swiggysocial@swiggy.in and we will assist you further in this regard.",2025-07-25 01:22:54,4.84.2
a859afd7-3383-4711-9cf7-c3f1d3a066cc,KEVIN FRANCIS,https://play-lh.googleusercontent.com/a/ACg8ocL-sxP9pT4uZAZDrGnFXUQY85SyrMqdpT4lnSE4aqrISBMEJb8=mo,not good,1,1,4.84.1,2025-07-25 01:20:07,"We're apologetic about this experience you've faced while ordering with us. Please write to us at swiggysocial@swiggy.in from your registered email address detailing your experience, so we can look into the issue and resolve it for you.",2025-07-25 01:22:55,4.84.1
5a67c069-8ae9-43a0-9603-2e349b3f1f23,Ganagalla Dhanraju,https://play-lh.googleusercontent.com/a/ACg8ocJRMnzMtnsvuoZ7EuJF64BqmmFS84cXxO_a8pmT1gFI0oeu9g=mo,üòÑ,5,0,4.84.2,2025-07-25 01:18:09,"Hey, thank you for your kind review. We hope to keep on giving you a consistent service every time. We request you to let us know more about your experience by writing an email to swiggysocial@swiggy.in so we can make our services better.",2025-07-25 01:22:54,4.84.2
a2e78481-c981-48a1-878b-18d22954065c,Mousumi Shing,https://play-lh.googleusercontent.com/a/ACg8ocIlLGYFUBhCcabOK0L6V3wDQ8Gv_nS7S75QT7cQziD_x60ZhQ=mo,good,3,0,4.83.4,2025-07-25 01:14:57,"Hey, thank you for the ratings. We request you to let us know more about your experience by writing an email to swiggysocial@swiggy.in so we can make our services better.",2025-07-25 01:22:54,4.83.4
487bd68d-e209-432e-853d-dedfa9ad9dbe,Veer Pandit,https://play-lh.googleusercontent.com/a-/ALV-UjWne507gMR0lNAeKZ32bv1MrD1QxeZSMX4erwwi7GGx24WnEjJw_Q,all good,5,0,4.84.2,2025-07-25 01:09:48,"Hey there, thank you for the perfect ratings. We appreciate your efforts in contributing to our improvements.",2025-07-25 01:12:31,4.84.2
e1618b35-860a-4379-bbd0-f9656ef322d9,Chandan Kumar,https://play-lh.googleusercontent.com/a/ACg8ocJJV5dX6eiiKq4AHU1qXdgsGmP8jaPuG9GdrgLrBz0Q-4N8Yw=mo,good,5,0,4.84.1,2025-07-25 01:06:18,"Hey, thanks for the rating! This motivates us to keep serving you better with every order.",2025-07-25 01:12:32,4.84.1
64f7795f-903b-4f8b-b2a0-cda285c073e1,Gavathi Porya,https://play-lh.googleusercontent.com/a-/ALV-UjX2pgFcAFpyJvk4vLO5Yf__m0RYTmODENWRJpwc6grAPVj6ZZuh,very nice,5,0,,2025-07-25 00:59:39,"Hello, nothing delights us more than hearing this. We are happy that you had a great experience. Keep Swiggying. üòä",2025-07-25 01:02:26,
bc1d7a0d-00c4-4826-a302-347c8af8be6c,Rahul Singh,https://play-lh.googleusercontent.com/a-/ALV-UjXIqkH7h5f6K0N9cP6AQ3LmE_gAtY1I8XaDrctZ1S-vVcg2XjY,"love this app, it is helping me to loose my weight and maintain my diet, i ordered food and expected to get it deliver in max 30 mins but app is very cooperative it didn't deliver the food it help me continue my diet and delayed my order for more than 1 hr.... and after that my hunger almost died. Thanks to swiggy delivery partner for not deliverying on time or else i will almost gain 1 kg today itself, but because of swiggy I'm going to sleep without my dinner.",1,0,4.84.2,2025-07-25 00:56:54,"Hi, please let us know how we can make our service better by writing to us at swiggysocial@swiggy.in from your registered email address.",2025-07-25 01:02:27,4.84.2
95b04be0-9ea1-4cd1-874c-13c39b4417dd,Indian Indian,https://play-lh.googleusercontent.com/a/ACg8ocIrFDlhyclNDabGWxFCcS5n1g5UeRA_pRCyOoEmQ2gzZbScKw=mo,‡∞ó‡±Å‡∞°‡±ç,5,0,4.84.0,2025-07-25 00:54:38,"Hey there, nothing delights us more than hearing this. We are happy that you had a great experience. Keep Swiggying. üôÇ",2025-07-25 01:02:26,4.84.0
1f07bd8b-5c39-49d0-b7bf-d8f2e4c7e739,Divyanshu Sharma,https://play-lh.googleusercontent.com/a-/ALV-UjWHo7eRCV6_Sg8tJoeKH0Y6M-yS-JT7jQXpxMzqAsFrx80ygW9X,poor and pathetic service,1,0,4.79.2,2025-07-25 00:48:25,"Hi, we are sorry about the sub-par experience you had faced while ordering with us. Please write to us at swiggysocial@swiggy.in along with the order ID, so we can assist you better.",2025-07-25 00:52:31,4.79.2
ba6aeb10-5c3c-4aa3-a3c6-a25822784f73,Durga Kumari,https://play-lh.googleusercontent.com/a/ACg8ocJ-ym9FgoM4LEVMyKM0PKUtU3CD0AVPihlNiNlgSgbxnI3D3w=mo,ok,5,0,4.84.2,2025-07-25 00:44:55,"Hey, thank you for the ratings. We request you to let us know more about your experience by writing an email to swiggysocial@swiggy.in so we can make our services better.",2025-07-25 00:52:31,4.84.2
ffb0d32c-0d3d-4579-a42f-e2471d25feb8,GAURAV KHATRI,https://play-lh.googleusercontent.com/a/ACg8ocI6Ai5nMktKGRZbtiV1wQ1q_Eez4jhuZdYo39BINobKNnhLiA=mo,"damaged products received.. lunch box damaged, boat eardops not working after a month, spoiled veggies... swiggy email team not responding on mail.. 1st copy are being sold in name of original.. Scam",1,2,4.84.2,2025-07-25 00:39:20,"Hi there, we sincerely apologize for this experience. Please reach out to us at swiggysocial@swiggy.in using your registered email address and provide details about your experience so we can investigate the matter and address it for you.
",2025-07-25 01:11:13,4.84.2
be66d17b-1a7d-4d63-bdeb-49554b37ac05,Anjani Kashyap,https://play-lh.googleusercontent.com/a/ACg8ocIg8nlGj8FAs56ppAfVcbR0REzFiEYVpsjZxRc6-tZ1A7Uy=mo,üëçüèªüôÇ nice,5,0,4.84.1,2025-07-25 00:31:39,"Hey there, nothing delights us more than hearing this. We are happy that you had a great experience. Keep Swiggying. üôÇ",2025-07-25 00:32:27,4.84.1
9e1bd552-1dff-4a6f-9c5e-57f94d66f71b,status,https://play-lh.googleusercontent.com/a-/ALV-UjXTl6D-dz9TDtFSLt77I3AYOwLNYEcYLV3tGw_S1gzF_rrPujIYhw,Late delivery as always,1,0,4.84.2,2025-07-25 00:25:26,"Hi, please write to us about your experience at swiggysocial@swiggy.in from your registered email address, so we can better our services.",2025-07-25 00:32:28,4.84.2
d33764bf-2566-41d1-8f1c-737a70ca5ffc,MAMTA KUMARI PATHAK,https://play-lh.googleusercontent.com/a/ACg8ocIwyN9HJ_aMi3k9D5VMQ2I-Ey5cTP0aMVP5abqJEXp2zegrbQ=mo,if you can't deliver food in its proper order pls don't take orders. worst üòî,1,0,4.82.1,2025-07-25 00:19:37,"We're apologetic about this experience you've faced while ordering with us. Please write to us at swiggysocial@swiggy.in from your registered email address detailing your experience, so we can look into the issue and resolve it for you.",2025-07-25 00:22:32,4.82.1
b605375a-e5bd-4132-a19d-b71cf533283c,Kaustubh B,https://play-lh.googleusercontent.com/a-/ALV-UjVxLNhVUkLcSXq-JKYNunE948Foi3eqkW3nW0rfLnxn0IGHxwZZ,Instamart was my go to quick commerce app but safety concerns for their product has become alarming. There seems to be a terrible increase in expired products in their stock. Refund has never been an issue but now everytime an item is delivered - expiry check is a must. Convenience is fine - but at the expense of what? Safety? Pathetic.,1,11,4.84.2,2025-07-25 00:19:29,"Hello, we would like to know more about it. Please write to us at swiggysocial@swiggy.in with relevant details elaborating further on your ordering experience with us, so we can set this right for you.",2025-07-25 00:22:32,4.84.2
8dae384d-a1cd-4224-a9df-c7aa5c299a09,Akash Gupta,https://play-lh.googleusercontent.com/a/ACg8ocL4ouFPyWeMGltgnFdGtH6yTMsz7VQFw-Cplsf2KHBrVHLERLI=mo,"False commitment on the Swiggy Boult. Claims 10-15mins delivery, but its never delivered before 30-40mins",1,0,4.84.2,2025-07-25 00:18:55,"Hi, we are sorry about this. Please help us with the order id over an email at swiggysocial@swiggy.in, so we can help resolve the issue.",2025-07-25 00:22:32,4.84.2
c6b5bd3a-a605-46c3-ab88-af12d974ea3e,Pratik Deo,https://play-lh.googleusercontent.com/a-/ALV-UjUa21zkpELZA82JxgRR9GByMIlhWEoZzQC3j5JECv_Kcq5_e1jNDw,"One of the worst experiences I've ever had. First the delivery person waits for 15 extra minutes to deliver the food. Then the delivered ordered has items missing (Vegetable missing, only half cooked roti delivered). And then imagine the customer service offering you Rs. 52/- in return of the whole 30 minute late delivery and the missing food saying that's all he can do. Then when you go to cancel your BLCK membership, they refuse to do so and simply say Sorry for the inconvenience.",1,3,4.84.2,2025-07-25 00:18:02,"Hi, we are sorry about the sub-par experience you had faced while ordering with us. Please write to us at swiggysocial@swiggy.in along with the order ID, so we can assist you better.",2025-07-25 00:22:32,4.84.2
79ef42da-aee7-4a32-82f6-5e0ed5f9e98e,Tushar Shinde,https://play-lh.googleusercontent.com/a/ACg8ocJjaf01nrot8kYi1IJ_IIRfjm9CykJTT3hej1iq4SHgZVP-Wg=mo,good üëç,5,0,4.84.1,2025-07-25 00:15:43,"Hey, we are glad to have patrons like you and will strive towards providing better services to keep such reviews coming our way. Keep ordering.",2025-07-25 00:22:31,4.84.1
89d54203-f522-432c-bb8e-3a865c0554b3,Sahil Suri,https://play-lh.googleusercontent.com/a/ACg8ocIpg3btFduush4Vrv0IDEGeEA1EPqXZo37G33buNgroBE-19UE=mo,"Tried cancelling my order within the first 2 minutes due to some order related reason, since no preparation was done by the restaurant as confirmed on the phone by them and they told me that I can cancel from my end, and also no delivery partner was assigned...still full 100% amount of more than 1500 was charged... pathetic application... switching to ZOMATO :)",1,0,4.78.2,2025-07-25 00:13:39,"We sincerely apologize for this experience. Please reach out to us at swiggysocial@swiggy.in using your registered email address and provide details about your experience, so we can investigate the matter and address it for you.",2025-07-25 01:00:10,4.78.2
311ed8bf-4864-4d50-897c-02927f5c4677,A Google user,https://play-lh.googleusercontent.com/EGemoI2NTXmTsBVtJqk8jxF9rh8ApRWfsIMQSt2uE4OcpQqbFu7f7NbTK05lx80nuSijCz7sc3a277R67g,good üëç,4,0,4.84.2,2025-07-25 00:11:55,"Hello, thank you so much for the positive review! We'll endeavor to keep it up. Please let us know how we can provide service worth 5 stars by writing to us at swiggysocial@swiggy.in from your registered email address.",2025-07-25 00:12:37,4.84.2
8a6b25b1-f719-4068-a924-036e5a2be3d0,PINKY RANA,https://play-lh.googleusercontent.com/a/ACg8ocJtiYM-x3E3SsMcBjJTq14rVSYeFLNIn4VMyGzxwwy1SFnEGw=mo,super,5,0,4.84.2,2025-07-25 00:11:00,Hey there! It's a bliss to see that our service brought a smile to your face. We'll endeavor to keep it up. Keep Swiggying. üôÇ,2025-07-25 00:12:37,4.84.2
df13b89a-5faa-4d63-bdb3-a7e748fd7b46,Banti Jangir,https://play-lh.googleusercontent.com/a/ACg8ocLwIKWGmn6EmoXiCiFKYH8FpqPDhSJsPWFAbPeA7LVo0xGO7Q=mo,awsm application,5,0,4.84.2,2025-07-25 00:10:50,"Hey there, we are thankful to you for your review! We request you to let us know more about your experience by writing an email to swiggysocial@swiggy.in so we can make our services better.",2025-07-25 00:12:37,4.84.2
